{
    "frequency_bitwise_test C++": 0.8596837951986662,
    "frequency_bitwise_test java": 0.5958830905651779,
    "consecutive_bits C++": 0.857480207220993,
    "consecutive_bits java": 0.8789881735275973,
    "longest_sequence C++": 0.16070143844190707,
    "longest_sequence java": 0.6446712084792945,
    "rand_c++": "11001010110101000000100100011101100111001011000110110001010101111101110000011111011110001010001001000110001010111000101111011110",
    "rand_java": "01111101000011111101001110011111100101111010111010100011011110100111001010001110001000100011101000010000100110011000101001010111"
}