{"frequency_bitwise_test C++": 0.8596837951986662, "frequency_bitwise_test java": 0.5958830905651779, "consecutive_bits C++": 0.857480207220993, "consecutive_bits java": 0.8789881735275973, "longest_sequence C++": 0.16070143844190707, "longest_sequence java": 0.6446712084792945}